video_id,title,description,publishedAt,duration,view_count,like_count,comment_count
mXw9ruZaxzQ,Operating System Full Course | Operating System Tutorials for Beginners,"An operating system is system software that manages computer hardware and software resources and provides common services for computer programs. In this operating system full course you will be learning following topic in details.

          Hardware Resources
      
          Introduction to Operating Systems
      
          Introduction to Linux
      
          Disk I/O
      
          Disk Scheduling
      
          Filesystems
      
          CPU Features
      
          Kernel Architectures
      
          Linux Basics - Part 1
      
          Linux Basics - Part 2
      
          Interrupts and I/O
      
          Interrupt Controllers
      
          Interrupt Handling
      
          Memory Resources
      
          Dynamic Memory Allocation
      
          Kernel Memory Allocation
      
          Paging
      
          Page Tables
      
          Memory Protection
      
          Virtual Memory - Part 1
      
          Virtual Memory - Part 2
      
          Page Replacement
      
          Processes - Part I
      
          Processes - Part II
      
          Process Management



************
Operating System
Course Author: Mike Murphy
Licensed: https://creativecommons.org/licenses/by/3.0/
Visit YouTube channel: https://www.youtube.com/channel/UCndXB_kOP-C_KgZ2d_LNzbw
**********



*** Join our community ***
Join our FB Group: https://www.facebook.com/groups/cslesson
Like our FB Page: https://www.facebook.com/cslesson/
Website: https://cslesson.org",2019-08-30T15:47:26Z,PT3H35M3S,1872951,11021,166
RozoeWzT7IM,Introduction to Operating System and its Functions | Operating System | Lecture 1,"üî• Jenny's lectures Placement Oriented DSA with Java course (New Batch): 
https://www.jennyslectures.com/courses/Mastering-DSA-with-JAVA-2-68ce8b083425e77d71739441

‚ö° Limited seats! First 500 students get an extra 20% OFF with coupon: BEST500

Jenny's Lectures JAVA from Scratch Course: https://www.jennyslectures.com/courses/Java-From-Scratch-67c9a7244b2225248cf88385

GenAI Course for beginners: https://www.jennyslectures.com/courses/Generative-AI-for-Beginners-From-Basics-to-Chatbot-Creation-68584c28a81c363f9f037df1

**************************************
Connect & Contact Me:

Facebook: https://www.facebook.com/Jennys-Lectures-CSIT-Netjrf-316814368950701/
LinkedIn: https://www.linkedin.com/in/jayanti-khatri-32653817/
Instagram: https://www.instagram.com/jayantikhatrilamba/
Twitter: https://twitter.com/KhatriJenny

*****************************************
What is Operating System?
Functions of Operating System
Goals of Operating System?

See Complete Playlists:

Placement Series: https://www.youtube.com/playlist?list=PLdo5W4Nhv31YvlDpJhvOYbM9Ap8UypgEy

Data Structures and Algorithms: https: https://www.youtube.com/playlist?list=PLdo5W4Nhv31bbKJzrsKfMpo_grxuLl8LU

Dynamic Programming: https://www.youtube.com/playlist?list=PLdo5W4Nhv31aBrJE1WS4MR9LRfbmZrAQu

Operating Systems: //www.youtube.com/playlist?list=PLdo5W4Nhv31a5ucW_S1K3-x6ztBRD-PNa

DBMS: https://www.youtube.com/playlist?list=PLdo5W4Nhv31b33kF46f9aFjoJPOkdlsRc",2019-03-16T19:08:44Z,PT23M56S,1714335,25613,889
WJ-UaAaumNA,L-1.1: Introduction to Operating System and its Functions with English Subtitles,"In this video, Varun sir will break down the Introduction to Operating System and its Functions in the simplest way possible! You will learn what an Operating System (OS) is, why it's essential for every device, and how it manages tasks like memory, processes, and hardware. Whether you're a beginner in tech or just brushing up on basics, this is the perfect starting point. #OperatingSystem #OSBasics #computerscience 
--------------------------------------------------------------------------------------------------------------------------------------
Timestamps:
0:00 - Introduction
1:59 - Need of Operating System
6:01 - Throughput
7:34 - Functionality of Operating System
--------------------------------------------------------------------------------------------------------------------------------------
üëâSubscribe to our new channel:https://www.youtube.com/@varunainashots 

‚ñ∫Operating System (Complete Playlist): 
https://www.youtube.com/playlist?list=PLxCzCOWd7aiGz9donHRrE9I3Mwn6XdP8p

Other subject-wise playlist Links:
--------------------------------------------------------------------------------------------------------------------------------------
‚ñ∫Design and Analysis of algorithms (DAA):
https://www.youtube.com/playlist?list=PLxCzCOWd7aiHcmS4i14bI0VrMbZTUvlTa
‚ñ∫Database Management System:
https://www.youtube.com/playlist?list=PLxCzCOWd7aiFAN6I8CuViBuCdJgiOkT2Y
‚ñ∫ Theory of Computation
https://www.youtube.com/playlist?list=PLxCzCOWd7aiFM9Lj5G9G_76adtyb4ef7i
‚ñ∫Artificial Intelligence:
https://www.youtube.com/playlist?list=PLxCzCOWd7aiHGhOHV-nwb0HR5US5GFKFI
‚ñ∫Computer Networks (Complete Playlist):
https://www.youtube.com/playlist?list=PLxCzCOWd7aiGFBD2-2joCpWOLUrDLvVV_
‚ñ∫Computer Architecture (Complete Playlist):
https://www.youtube.com/playlist?list=PLxCzCOWd7aiHMonh3G6QNKq53C6oNXGrX
‚ñ∫Structured Query Language (SQL):
https://www.youtube.com/playlist?list=PLxCzCOWd7aiHqU4HKL7-SITyuSIcD93id 
‚ñ∫Discrete Mathematics:
https://www.youtube.com/playlist?list=PLxCzCOWd7aiH2wwES9vPWsEL6ipTaUSl3
‚ñ∫Compiler Design:
https://www.youtube.com/playlist?list=PLxCzCOWd7aiEKtKSIHYusizkESC42diyc
‚ñ∫Number System:
https://www.youtube.com/playlist?list=PLxCzCOWd7aiFOet6KEEqDff1aXEGLdUzn
‚ñ∫Cloud Computing & BIG Data:
https://www.youtube.com/playlist?list=PLxCzCOWd7aiHRHVUtR-O52MsrdUSrzuy4
‚ñ∫Software Engineering:
https://www.youtube.com/playlist?list=PLxCzCOWd7aiEed7SKZBnC6ypFDWYLRvB2
‚ñ∫Data Structure:
https://www.youtube.com/playlist?list=PLxCzCOWd7aiEwaANNt3OqJPVIxwp2ebiT
‚ñ∫Graph Theory:
https://www.youtube.com/playlist?list=PLxCzCOWd7aiG0M5FqjyoqB20Edk0tyzVt
‚ñ∫Programming in C:
https://www.youtube.com/playlist?list=PLxCzCOWd7aiGmiGl_DOuRMJYG8tOVuapB
‚ñ∫Digital Logic:
https://www.youtube.com/playlist?list=PLxCzCOWd7aiGmXg4NoX6R31AsC5LeCPHe

---------------------------------------------------------------------------------------------------------------------------------------
Our social media Links: 
‚ñ∫ Subscribe to us on YouTube: https://www.youtube.com/gatesmashers
‚ñ∫Subscribe to our new channel: https://www.youtube.com/@varunainashots
‚ñ∫ Like our page on Facebook: https://www.facebook.com/gatesmashers
‚ñ∫ Follow us on Instagram: https://www.instagram.com/gate.smashers
‚ñ∫ Follow us on Instagram: https://www.instagram.com/varunainashots
‚ñ∫ Follow us on Telegram: https://t.me/gatesmashersofficial
‚ñ∫ Follow us on Threads: https://www.threads.net/@gate.smashers
-------------------------------------------------------------------------------------------------------------------------------------- 
‚ñ∫For Any Query, Suggestion or notes contribution:
Email us at: gatesmashers2018@gmail.com",2018-07-26T07:55:34Z,PT18M59S,4533210,106216,2816
9GDX-IyZ_C8,Operating System Basics,Essential concepts of operating systems. Part of a larger series teaching programming. Visit http://codeschool.org,2013-10-11T03:54:06Z,PT23M16S,712439,11668,270
26QPDBe-NB8,Operating Systems: Crash Course Computer Science #18,"Get 10% off a custom domain and email address by going to¬†https://www.hover.com/CrashCourse. 
So as you may have noticed from last episode, computers keep getting faster and faster, and by the start of the 1950s they had gotten so fast that it often took longer to manually load programs via punch cards than to actually run them! The solution was the operating system (or OS), which is just a program with special privileges that allows it to run and manage other programs. So today, we‚Äôre going to trace the development of operating systems from the Multics and Atlas Supervisor to Unix and MS-DOS, and take at look at how these systems heavily influenced popular OSes like Linux, Windows, MacOS, and Android that we use today. 

Produced in collaboration with PBS Digital Studios: http://youtube.com/pbsdigitalstudios 

Want to know more about Carrie Anne?
https://about.me/carrieannephilbin

The Latest from PBS Digital Studios: https://www.youtube.com/playlist?list=PL1mtdjDVOoOqJzeaJAV15Tq0tZ1vKj7ZV

Want to find Crash Course elsewhere on the internet?
Facebook - https://www.facebook.com/YouTubeCrash...
Twitter - http://www.twitter.com/TheCrashCourse
Tumblr - http://thecrashcourse.tumblr.com 
Support Crash Course on Patreon: http://patreon.com/crashcourse
CC Kids: http://www.youtube.com/crashcoursekids",2017-06-28T21:13:17Z,PT13M36S,1758690,30894,627
aF2uRmibwco,Operating System tutorial for beginners | OS | Lec-01 | Bhanu Priya,"Operating system ( OS )
introduction to operating system for Beginners
#operatingsystems #computersciencecourses #computerscience  #engineering #computerscienceducation #engineeringvideos #educationalvideos #education #computerengineering

Class Notes ( pdf )
website : https://education4u.in/

Complete Playlist : OPERATING SYSTEM ( OS ) 
https://www.youtube.com/playlist?list=PLrjkTql3jnm9U1tSPnPQWQGIGNkUwBFv-

Complete playlist : ARTIFICIAL INTELLIGENCE ( AI ) 
https://www.youtube.com/playlist?list=PLrjkTql3jnm_yol-ZK1QqPSn5YSg0NF9r

Complete Playlist : Theory of Computation ( TOC )
https://www.youtube.com/playlist?list=PLrjkTql3jnm_TWSXXvWX1_jX-L6f1QJSx

Complete playlist : DBMS 
https://www.youtube.com/playlist?list=PLrjkTql3jnm-CLxHftqLgkrZbM8fUt0vn

Complete  Playlist : COA
https://www.youtube.com/playlist?list=PLrjkTql3jnm8AcFgkc5TE_yQgeHEuKYrG

Complete Playlist : C Programming
https://www.youtube.com/playlist?list=PLrjkTql3jnm8qUkBwLGqqQ2iZd7HdSIEe

Complete Playlist : OOP's in C++
https://www.youtube.com/playlist?list=PLrjkTql3jnm-Voi7giH4JITCi6cuZSN42

Complete  Playlist : DATA STRUCTURES ( DS )
https://www.youtube.com/playlist?list=PLrjkTql3jnm8ikiQIeIHrMYCaBfkBkfYR

Complete playlist : Design and Analysis of algorithms (DAA)
https://www.youtube.com/playlist?list=PLrjkTql3jnm8wGQyNhgdmm2gkoa8CXCml

Complete Playlist : SOFTWARE ENGINEERING ( SE )
https://www.youtube.com/playlist?list=PLrjkTql3jnm9b5nr-ggx7Pt1G4UAHeFlJ

Complete Playlist : OBJECT ORIENTED SOFTWARE ENGINEERING ( OOSE )
https://www.youtube.com/playlist?list=PLrjkTql3jnm_kpRxNK6la_gHuKQ3WI_dL

Complete Playlist : OOP's in C++
https://www.youtube.com/playlist?list=PLrjkTql3jnm-Voi7giH4JITCi6cuZSN42

Complete Playlist : STLD
https://www.youtube.com/playlist?list=PLrjkTql3jnm8Q3RcCZxnl19CJi6FsbGNW

Complete Playlist : DISTRIBUTED SYSTEMS
https://www.youtube.com/playlist?list=PLrjkTql3jnm9FEOXHA_qjR-TMODlaIk-W

Complete Playlist : Web Technology 
https://www.youtube.com/playlist?list=PLrjkTql3jnm8d1ddpVKifXO_fPjSKATCp

Complete Playlist : Compiler Design
https://www.youtube.com/playlist?list=PLrjkTql3jnm-wW5XdvumCa1u9LjczipjA

Complete Playlist : Mobile computing
https://www.youtube.com/playlist?list=PLrjkTql3jnm-kLRBgIt8kvuwbTScoI2IJ

Complete Playlist : CSS
https://www.youtube.com/playlist?list=PLrjkTql3jnm_Jprhr5p-esL17D-iZISE7

Complete Playlist : Cloud computing 
https://www.youtube.com/playlist?list=PLrjkTql3jnm86_Jr9195OaqN-HeiBy49I

Complete Playlist : Computer Graphics
https://www.youtube.com/playlist?list=PLrjkTql3jnm9cY0ijEyr2fPdwnH-0t8EY",2018-04-20T16:24:57Z,PT14M59S,618032,5758,166
fkGCLIQx1MI,Computer Basics: Understanding Operating Systems,"Whether you have a laptop, desktop, smartphone, or tablet, your device has an operating system (also known as an ""OS""). In this video we'll show you what an operating system is and talk about a few of the most common operating systems.

We'll also talk about compatibility issues. Some software is designed to work with a variety of operating systems, but other software may only run on one or two. 

To learn more, check out our written lessons! https://edu.gcfglobal.org/en/computerbasics/understanding-operating-systems/1/

0:00 Intro
0:18 Definition
0:32 Computer operating systems
0:47 Mobile operating systems
1:02 Compatibility",2020-09-01T14:06:19Z,PT1M31S,1594023,9032,206
GjNp0bBrjmU,How Do Operating Systems Work?,"Download your Operating Systems teacher resource pack ‚ûï try this video with built-in interactive questions FREE ‚úÖ https://clickv.ie/w/JaAw
#operatingsystems #interface #software #informationtechnology #ClickView

In this animated program, our character Sam shows students the basics of the hard working operating system. The video explains how an operating system interacts with various other software and hardware, and why the kernel is important. Students will also learn about primary and secondary memory, device management, and how the operating system provides an interface for the user.

ClickView is home to high-quality, standards-aligned, ad-free videos for every subject, topic and grade. 

üòé Sign up for free access: https://clickv.ie/w/VEDw
 
üëÄExplore our website: https://clickv.ie/w/WEDw

üìΩ Explore videos on other subjects: https://clickv.ie/w/XEDw",2018-09-24T07:36:57Z,PT3M30S,512210,6582,142
LseLBB5ZCxw,Google Cloud Platfrom Full Course | Google Cloud Crash Course | GCP Tutorial For Beginners,"Welcome to the Google Cloud Platform Full Course. In this Google Cloud Platform training, you‚Äôll explore compute engine, cloud storage, Kubernetes engine, VPC, IAM, Load Balancing, App Engine, cloud functions, and CI/CD integration. You‚Äôll also understand networking, monitoring, security, and automation within the Google Cloud ecosystem.

Through this course, you‚Äôll learn how to manage, deploy, and scale applications on the cloud while mastering real-world concepts. By the end of this GCP full course, you‚Äôll be confident in using GCP for cloud architecture, and ready for Google Cloud certification exams.

üëâ Following are the topics we covered in this Google Cloud Platform Full Course video:
00:00:00 Introduction to Google Cloud course
00:01:53 Basics of Google Cloud
00:10:55 GCP interface and console
00:39:24 IAM Security
00:55:40 IAM policy and roles
01:12:38 IAM service account
01:43:07 Google cloud storage
02:06:27 Storage classes
02:18:40 Lifecycle rules
02:37:28 Create a bucket
02:48:59 Compute engine
03:04:33 Create a compute engine & instance
03:25:14 Machine types
03:45:06 CPU & GPUs
03:56:18 Create a disk
04:16:01 Create a snapshot
04:39:50 VM using snapshot
04:56:55 Load balancer
05:21:40 Create instance template & group
05:53:53 Unmerged instance groups
06:05:12 Cloud CDN and DNS
06:39:46 Microservices
06:53:49 Containers and VM
07:07:35 Docker

#GoogleCloudPlatformFullCourse #GoogleCloudPlatformCourse #GoogleCloudCrashCourse #GcpTutorialForBeginners #GcpCourse #GoogleCloudTraining #GoogleCloudPlatformTraining #Mindmajix

‚úÖ About MindMajix's Google Cloud Platform Training
MindMajix offers comprehensive Google Cloud Training through Live instructor-led online training or pre-recorded self-paced GCP videos. During 43 hours of the Google Cloud Platform Course, you'll learn about the latest and advanced features of google cloud with 44 hands-on labs, exercises, and use-cases that help you clear the Associate Cloud Engineer Certification Exam and  Professional Cloud Architect Certification Exam. After completing the this GCP training, MindMajix's job-search assistance team helps you in Mock Interviews and learners find a suitable job on the Google Cloud Platform.

üîë Key Features
üëâ Learn from Industry Experts.  
üëâ Gain Job-ready Skills.  
üëâ 24/7 Support.  
üëâ Dedicated Learning Mentors.  
üëâ Guaranteed Job Interviews.  
üëâ Real-life Projects.  
üëâ Get Certified.

üìå Subscribe to our channel to get video updates. Click on the link to subscribe: https://www.youtube.com/channel/UCkKemMaRnFPlNLHZ0zOYfpA",2025-10-14T13:45:08Z,PT7H16M,150,16,0
3yw2B2SnHpE,The most INSANE Operating System üë©‚Äçüíª #technology #programming #software #tech,,2022-06-23T17:55:09Z,PT39S,364209,15869,194
VjPgYcQqqN0,Basics of OS (Computer System Operation),"OS: Basics of Operating System (Computer System Operation)
Topics Discussed:
1. Basics of OS.
2. The basic structure of a computer system.
3. CPU.
4. Device Controllers and Memory Controller.
5. Bootstrap Program.
6. Interrupts and System Calls.

Follow Neso Academy on Instagram: @nesoacademy (https://bit.ly/2XP63OE)

Contribute: http://bit.ly/3EpZgBD

Memberships: https://bit.ly/2U7YSPI

Discord: https://bit.ly/3HiGtJr
WhatsApp: https://whatsapp.com/channel/0029Va9B1Bq4tRru0nqgtx3h

Books: https://bit.ly/4cZYQil

Website ‚ñ∫ https://www.nesoacademy.org/
App ‚ñ∫ https://play.google.com/store/apps/details?id=org.nesoacademy
Facebook ‚ñ∫ https://www.facebook.com/nesoacademy
Twitter [X] ‚ñ∫ https://x.com/nesoacademy

Music:
Axol x Alex Skrindo - You [NCS Release]

#OperatingSystemByNeso #os #OperatingSystem #OSBasics #ComputerSystemOperation",2017-08-05T04:30:30Z,PT18M9S,1327004,17867,341
povNcHSasgs,L-1.2: Batch Operating System | Types of Operating System,"In this video, Varun sir will explore Batch Operating Systems ‚Äî one of the earliest types of operating systems used in computing history. You'll learn how batch systems work, their real-world examples, and how they differ from other types of OS like time-sharing and real-time systems. Whether you're a student or just curious about how operating systems evolved, this video breaks it down in a simple and easy-to-understand way. This video is perfect for beginners preparing for exams or interviews!
Link of Multiprogram & Multitasking: https://youtu.be/3MqyDWDpZoI
--------------------------------------------------------------------------------------------------------------------------------------
Timestamps:
00:00 - Introduction 
01:18 - Batch Operating System
--------------------------------------------------------------------------------------------------------------------------------------
üëâSubscribe to our new channel:https://www.youtube.com/@varunainashots 

‚ñ∫Operating System (Complete Playlist): 
https://www.youtube.com/playlist?list=PLxCzCOWd7aiGz9donHRrE9I3Mwn6XdP8p

Other subject-wise playlist Links:
--------------------------------------------------------------------------------------------------------------------------------------
‚ñ∫Design and Analysis of algorithms (DAA):
https://www.youtube.com/playlist?list=PLxCzCOWd7aiHcmS4i14bI0VrMbZTUvlTa
‚ñ∫Database Management System:
https://www.youtube.com/playlist?list=PLxCzCOWd7aiFAN6I8CuViBuCdJgiOkT2Y
‚ñ∫ Theory of Computation
https://www.youtube.com/playlist?list=PLxCzCOWd7aiFM9Lj5G9G_76adtyb4ef7i
‚ñ∫Artificial Intelligence:
https://www.youtube.com/playlist?list=PLxCzCOWd7aiHGhOHV-nwb0HR5US5GFKFI
‚ñ∫Computer Networks (Complete Playlist):
https://www.youtube.com/playlist?list=PLxCzCOWd7aiGFBD2-2joCpWOLUrDLvVV_
‚ñ∫Computer Architecture (Complete Playlist):
https://www.youtube.com/playlist?list=PLxCzCOWd7aiHMonh3G6QNKq53C6oNXGrX
‚ñ∫Structured Query Language (SQL):
https://www.youtube.com/playlist?list=PLxCzCOWd7aiHqU4HKL7-SITyuSIcD93id 
‚ñ∫Discrete Mathematics:
https://www.youtube.com/playlist?list=PLxCzCOWd7aiH2wwES9vPWsEL6ipTaUSl3
‚ñ∫Compiler Design:
https://www.youtube.com/playlist?list=PLxCzCOWd7aiEKtKSIHYusizkESC42diyc
‚ñ∫Number System:
https://www.youtube.com/playlist?list=PLxCzCOWd7aiFOet6KEEqDff1aXEGLdUzn
‚ñ∫Cloud Computing & BIG Data:
https://www.youtube.com/playlist?list=PLxCzCOWd7aiHRHVUtR-O52MsrdUSrzuy4
‚ñ∫Software Engineering:
https://www.youtube.com/playlist?list=PLxCzCOWd7aiEed7SKZBnC6ypFDWYLRvB2
‚ñ∫Data Structure:
https://www.youtube.com/playlist?list=PLxCzCOWd7aiEwaANNt3OqJPVIxwp2ebiT
‚ñ∫Graph Theory:
https://www.youtube.com/playlist?list=PLxCzCOWd7aiG0M5FqjyoqB20Edk0tyzVt
‚ñ∫Programming in C:
https://www.youtube.com/playlist?list=PLxCzCOWd7aiGmiGl_DOuRMJYG8tOVuapB
‚ñ∫Digital Logic:
https://www.youtube.com/playlist?list=PLxCzCOWd7aiGmXg4NoX6R31AsC5LeCPHe

---------------------------------------------------------------------------------------------------------------------------------------
Our social media Links: 
‚ñ∫ Subscribe to us on YouTube: https://www.youtube.com/gatesmashers
‚ñ∫Subscribe to our new channel: https://www.youtube.com/@varunainashots
‚ñ∫ Like our page on Facebook: https://www.facebook.com/gatesmashers
‚ñ∫ Follow us on Instagram: https://www.instagram.com/gate.smashers
‚ñ∫ Follow us on Instagram: https://www.instagram.com/varunainashots
‚ñ∫ Follow us on Telegram: https://t.me/gatesmashersofficial
‚ñ∫ Follow us on Threads: https://www.threads.net/@gate.smashers
-------------------------------------------------------------------------------------------------------------------------------------- 
‚ñ∫For Any Query, Suggestion or notes contribution:
Email us at: gatesmashers2018@gmail.com",2020-08-26T05:58:51Z,PT7M12S,1936195,30711,450
LBqNWOqSzBA,Lecture 2: Types of Operating Systems,"This Video gives a glimpse of Types of Operating systems.

There is a lot to learn, Keep in mind ‚Äú Mnn bhot karega k chor yrr apne se nahi hoga ya maza nahi aara, Just ask 1 question ‚Äú Why I started ? ‚Äú

Visit Crio: https://www.crio.do/redeem/158ef81/

Notes Link: https://drive.google.com/file/d/1EHE-nnTHMQzQP7xGRQo2g7cPpEGlq7q1/view?usp=sharing

Discord Server Link:  https://discord.gg/feSQvVXMrd  

Do provide you feedback in the comments, we are going to make it best collectively.

Connect with me here: 

Instagram: https://www.instagram.com/lovebabbar1/ 
Twitter: https://twitter.com/lovebabbar3
Telegram Group Link: Love Babbar CODE HELP
https://telegram.me/lovebabbercodehelp 

Connect with Lakshay:

Instagram: https://www.instagram.com/lakshayk12/?hl=en
LinkedIn: https://in.linkedin.com/in/lakshay-kumar-368a06146

My Editor: https://www.instagram.com/rishu.rsingh/?hl=en

Intro Sequence: We have bought all the required Licenses of the Audio, Video & Animation used.

TimeStamps:
00:00 - Operating System Goals
05:02 - Promotion
05:53 - Types of OS
05:56 - Single Process OS
09:40 - Batch Processing OS
14:53 - Multi-Programming OS
21:46 - Multi-Tasking OS
26:25 - Multi-Processing OS
29:45 - Distributed OS
33:14 - Real time OS
36:05 - Examples
37:55 - Summary Notes

#OSBusted #Lakshay",2022-01-19T15:00:20Z,PT40M21S,413139,10146,740
IErOy0t87Z8,Introduction to Operating System in Hindi |  Operating System Tutorials Hindi - 02,"What is an Operating System? Explain Types of OS, Features Hindi?
Notes: csegyan.com

Operating System Playlist: https://youtube.com/playlist?list=PLqcuf9-ILPYARwquS3KOD3bDe0NSaD-oK
More videos :
 How to Download Turbo C++: https://www.youtube.com/watch?v=y8l3Pgzjfck

Data Structure Tutorial Playlist: https://www.youtube.com/playlist?list=PLqcuf9-ILPYBlPvUk8lTJu2tJV2Y9gKL4

lectures CS #IT cse Gyan NET&JR Simple & Snippets I Technologies Education 4u For you Hindi Easy Engineering Classes Last Moment Tuition class
java tutorials
c programs
c++ course
java classes
data structure
BTech syllabus
polytechnic course IT
Digital Electronics
Digital Computer

#lectures #Simple & #Snippets #Technologies #Education #4u #For you #Hindiclass #EasyEngineering #Classes #LastMoment #Tuitionclass
#java #tutorials
#c #programs
c++ #course
java classes
#data #structure
#BTech syllabus
#polytechnic course IT
#learncode #coding #code 
#digital #electronics 
#CSE #Gyan #Tutorial #btech #polytechnic #hindi
Please Like Share and Subscribe 
CSE Gyan

Cs Engineering Gyan
Teacher: Kailash Joshi 
Editor: Bipin Chandra
Thank You

introduction to operating systems pdf
introduction to operating system MCQ
introduction to operating system notes
introduction to operating system javatpoint
introduction to operating system ppt
introduction to the operating system in Hindi
functions of operating system
operating system pdf",2021-10-28T08:28:29Z,PT5M11S,147636,2159,128
a1l4MceYHaQ,Lecture 1: What is an Operating System ?,"This Video gives a glimpse of What an Operating System is ?

There is a lot to learn, Keep in mind ‚Äú Mnn bhot karega k chor yrr apne se nahi hoga ya maza nahi aara, Just ask 1 question ‚Äú Why I started ? ‚Äú

Visit Coding Ninjas: https://bit.ly/3cfdKTe 

Notes Link: https://drive.google.com/file/d/14CJ3RppKwOXG0u6EBRsRM6opM0I9eCeV/view?usp=sharing

Full Series Notes: https://drive.google.com/file/d/1kksqpGT_YBQsFwsyVyftikPRP-sZZF-e/view?usp=sharing

Discord Server Link:  https://discord.gg/feSQvVXMrd  

Do provide you feedback in the comments, we are going to make it best collectively.

Connect with me here: 

Instagram: https://www.instagram.com/lovebabbar1/ 
Twitter: https://twitter.com/lovebabbar3
Telegram Group Link: Love Babbar CODE HELP
https://telegram.me/lovebabbercodehelp 

Connect with Lakshay:

Instagram: https://www.instagram.com/lakshayk12/?hl=en
LinkedIn: https://in.linkedin.com/in/lakshay-kumar-368a06146

My Editor: https://www.instagram.com/rishu.rsingh/?hl=en

Intro Sequence: We have bought all the required Licenses of the Audio, Video & Animation used.

TimeStamps:
00:00 - Introduction
00:30 - OS as Resource Manager
03:56 - Promotion
04:50 - OS as Interface
07:17 - Violation of DRY
11:32 - Isolation and Protection
14:38 - What if there is no OS ?
15:12 - Functions of OS
17:03 - What is an Operating System ?


#OSBusted #Lakshay",2022-01-16T11:56:17Z,PT18M38S,510236,13754,1262
HOUepU1Ylpw,Operating system introduction (OS ) || 1 || OS tutorials in telugu,What is operating system,2021-05-25T04:30:04Z,PT19M39S,134024,2486,95
ty31jQe2ZLA,Operating System Full Tutorial in Telugu | Operating System Course in Telugu | Os in Telugu,"Click Here for Python Course in Telugu üëá
https://pythonlife.in/python-course-in-telugu.html



GitHub link:
https://github.com/kiransagar1

Instagram-link:
https://www.instagram.com/pythonlifetelugu/?hl=en

Facebook link:
https://m.facebook.com/Python-life-telugu-107111387790463/

linkedin:
https://www.linkedin.com/in/kiran-sagar-a00a761b2

Telegramlink:
https://t.me/python_life_telugu


#pythonlife.in",2022-10-26T02:30:08Z,PT4H31M32S,118012,2444,69
3MqyDWDpZoI,L-1.3: Multiprogramming and Multitasking Operating System in Hindi with real life examples,"In this video, Varun Sir is discussing on What is multiprogramming and multitasking in operating system because students find this very difficult to understand difference between multiprogramming and multitasking. In this video, you will give you clear idea of these two terms with real life examples.
--------------------------------------------------------------------------------------------------------------------------------------
Timestamps:
0:00 - Introduction
0:21 - Multiprogramming Operating System
3:20 - Multitasking Operating System
--------------------------------------------------------------------------------------------------------------------------------------
üëâSubscribe to our new channel:https://www.youtube.com/@varunainashots 

‚ñ∫Operating System (Complete Playlist): 
https://www.youtube.com/playlist?list=PLxCzCOWd7aiGz9donHRrE9I3Mwn6XdP8p

Other subject-wise playlist Links:
--------------------------------------------------------------------------------------------------------------------------------------
‚ñ∫Design and Analysis of algorithms (DAA):
https://www.youtube.com/playlist?list=PLxCzCOWd7aiHcmS4i14bI0VrMbZTUvlTa
‚ñ∫Database Management System:
https://www.youtube.com/playlist?list=PLxCzCOWd7aiFAN6I8CuViBuCdJgiOkT2Y
‚ñ∫ Theory of Computation
https://www.youtube.com/playlist?list=PLxCzCOWd7aiFM9Lj5G9G_76adtyb4ef7i
‚ñ∫Artificial Intelligence:
https://www.youtube.com/playlist?list=PLxCzCOWd7aiHGhOHV-nwb0HR5US5GFKFI
‚ñ∫Computer Networks (Complete Playlist):
https://www.youtube.com/playlist?list=PLxCzCOWd7aiGFBD2-2joCpWOLUrDLvVV_
‚ñ∫Computer Architecture (Complete Playlist):
https://www.youtube.com/playlist?list=PLxCzCOWd7aiHMonh3G6QNKq53C6oNXGrX
‚ñ∫Structured Query Language (SQL):
https://www.youtube.com/playlist?list=PLxCzCOWd7aiHqU4HKL7-SITyuSIcD93id 
‚ñ∫Discrete Mathematics:
https://www.youtube.com/playlist?list=PLxCzCOWd7aiH2wwES9vPWsEL6ipTaUSl3
‚ñ∫Compiler Design:
https://www.youtube.com/playlist?list=PLxCzCOWd7aiEKtKSIHYusizkESC42diyc
‚ñ∫Number System:
https://www.youtube.com/playlist?list=PLxCzCOWd7aiFOet6KEEqDff1aXEGLdUzn
‚ñ∫Cloud Computing & BIG Data:
https://www.youtube.com/playlist?list=PLxCzCOWd7aiHRHVUtR-O52MsrdUSrzuy4
‚ñ∫Software Engineering:
https://www.youtube.com/playlist?list=PLxCzCOWd7aiEed7SKZBnC6ypFDWYLRvB2
‚ñ∫Data Structure:
https://www.youtube.com/playlist?list=PLxCzCOWd7aiEwaANNt3OqJPVIxwp2ebiT
‚ñ∫Graph Theory:
https://www.youtube.com/playlist?list=PLxCzCOWd7aiG0M5FqjyoqB20Edk0tyzVt
‚ñ∫Programming in C:
https://www.youtube.com/playlist?list=PLxCzCOWd7aiGmiGl_DOuRMJYG8tOVuapB
‚ñ∫Digital Logic:
https://www.youtube.com/playlist?list=PLxCzCOWd7aiGmXg4NoX6R31AsC5LeCPHe

---------------------------------------------------------------------------------------------------------------------------------------
Our social media Links: 
‚ñ∫ Subscribe to us on YouTube: https://www.youtube.com/gatesmashers
‚ñ∫Subscribe to our new channel: https://www.youtube.com/@varunainashots
‚ñ∫ Like our page on Facebook: https://www.facebook.com/gatesmashers
‚ñ∫ Follow us on Instagram: https://www.instagram.com/gate.smashers
‚ñ∫ Follow us on Instagram: https://www.instagram.com/varunainashots
‚ñ∫ Follow us on Telegram: https://t.me/gatesmashersofficial
‚ñ∫ Follow us on Threads: https://www.threads.net/@gate.smashers
-------------------------------------------------------------------------------------------------------------------------------------- 
‚ñ∫For Any Query, Suggestion or notes contribution:
Email us at: gatesmashers2018@gmail.com


#multiprogramming#multitasking#Operatingsystem",2018-07-03T04:12:17Z,PT6M34S,1886797,32724,612
XXPBl20J22w,Structures of Operating System,"Operating System: Structures of Operating System
Topics discussed:
STRUCTURES OF OPERATING SYSTEM:
1. Simple Structure.
2. Monolithic Structure.
3. Layered Structure.
4. Microkernels.
5. Modules.

Follow Neso Academy on Instagram: @nesoacademy (https://bit.ly/2XP63OE)

Contribute: http://bit.ly/3EpZgBD

Memberships: https://bit.ly/2U7YSPI

Discord: https://bit.ly/3HiGtJr
WhatsApp: https://whatsapp.com/channel/0029Va9B1Bq4tRru0nqgtx3h

Books: https://bit.ly/4cZYQil

Website ‚ñ∫ https://www.nesoacademy.org/
App ‚ñ∫ https://play.google.com/store/apps/details?id=org.nesoacademy
Facebook ‚ñ∫ https://www.facebook.com/nesoacademy
Twitter [X] ‚ñ∫ https://x.com/nesoacademy

Music:
Axol x Alex Skrindo - You [NCS Release]

#OperatingSystemByNeso #os #OperatingSystem #OperatingSystemStructure",2018-04-25T14:30:00Z,PT19M27S,741259,11276,227
kRPE2T1cuOo,Operating System,"Operating System
Watch more Videos at https://www.tutorialspoint.com/videotutorials/index.htm
Lecture By: Ms. Shweta, Tutorials Point India Private Limited.",2018-01-17T13:03:23Z,PT4M24S,211439,2465,48
KrbhX7sRLXg,Operating Systems Overview - CompTIA A+ 220-1102 - 1.8,"A+ Training Course Index: https://professormesser.link/1102videos
Professor Messer‚Äôs Course Notes: https://professormesser.link/1102notes

- - - - -
There are many choices for operating systems. In this video, you‚Äôll learn about Microsoft Windows, Linux, Apple macOS, Chrome OS, Apple iPadOS, Apple iOS, and Google Android.
- - - - -

Subscribe to get the latest videos: https://professormesser.link/yt
Calendar of live events: https://www.professormesser.com/calendar/

FOLLOW PROFESSOR MESSER:
Professor Messer official website: https://www.professormesser.com/
Twitter: https://www.professormesser.com/twitter
Facebook: https://www.professormesser.com/facebook
Instagram: https://www.professormesser.com/instagram
LinkedIn: https://www.professormesser.com/linkedin",2022-06-23T13:13:02Z,PT10M12S,141499,1492,21
8I-8p88uaYw,what is kernel in operating system ? #shorts #bydubebox #kernel,"what is kernel in operating system ?

A kernel is a central component of operating system, that manages the resources, and acts as a bridge between hardware and software. 

It is responsible for various tasks such as task management , memory management , and disk management.

#shorts #kernel #bydubebox #linux #os",2021-10-25T13:57:31Z,PT16S,170914,5282,21
2dJdHMpCLIg,"L-1.5: Process States in Operating System| Schedulers(Long term,Short term,Medium term)","In this video, Varun sir will be discussing on Process states with all important points which can be asked in your college university exams as well as competitive exams like gate, UGC NET etc. How many states through which process passes before executed and where it will reside, there is full and clear explanation given in this video with real life examples. #operatingsystem 
--------------------------------------------------------------------------------------------------------------------------------------
Timestamps:
0:00 - Introduction
1:21 - ""New"" state
2:17 - ""Ready"" state
3:25 - Long term scheduler
4:34 - ""Running"" state
6:35 - ""Terminate"" state
7:24 - Case-2
9:41 - Short term scheduler
11:07 - Case-3
14:04 - Case-4 (Worst case)
15:39 - Medium term scheduler
16:08 - Case-5
17:29 - Backing Store 

--------------------------------------------------------------------------------------------------------------------------------------
üëâSubscribe to our new channel:https://www.youtube.com/@varunainashots 

‚ñ∫Operating System (Complete Playlist): 
https://www.youtube.com/playlist?list=PLxCzCOWd7aiGz9donHRrE9I3Mwn6XdP8p

Other subject-wise playlist Links:
--------------------------------------------------------------------------------------------------------------------------------------
‚ñ∫Design and Analysis of algorithms (DAA):
https://www.youtube.com/playlist?list=PLxCzCOWd7aiHcmS4i14bI0VrMbZTUvlTa
‚ñ∫Database Management System:
https://www.youtube.com/playlist?list=PLxCzCOWd7aiFAN6I8CuViBuCdJgiOkT2Y
‚ñ∫ Theory of Computation
https://www.youtube.com/playlist?list=PLxCzCOWd7aiFM9Lj5G9G_76adtyb4ef7i
‚ñ∫Artificial Intelligence:
https://www.youtube.com/playlist?list=PLxCzCOWd7aiHGhOHV-nwb0HR5US5GFKFI
‚ñ∫Computer Networks (Complete Playlist):
https://www.youtube.com/playlist?list=PLxCzCOWd7aiGFBD2-2joCpWOLUrDLvVV_
‚ñ∫Computer Architecture (Complete Playlist):
https://www.youtube.com/playlist?list=PLxCzCOWd7aiHMonh3G6QNKq53C6oNXGrX
‚ñ∫Structured Query Language (SQL):
https://www.youtube.com/playlist?list=PLxCzCOWd7aiHqU4HKL7-SITyuSIcD93id 
‚ñ∫Discrete Mathematics:
https://www.youtube.com/playlist?list=PLxCzCOWd7aiH2wwES9vPWsEL6ipTaUSl3
‚ñ∫Compiler Design:
https://www.youtube.com/playlist?list=PLxCzCOWd7aiEKtKSIHYusizkESC42diyc
‚ñ∫Number System:
https://www.youtube.com/playlist?list=PLxCzCOWd7aiFOet6KEEqDff1aXEGLdUzn
‚ñ∫Cloud Computing & BIG Data:
https://www.youtube.com/playlist?list=PLxCzCOWd7aiHRHVUtR-O52MsrdUSrzuy4
‚ñ∫Software Engineering:
https://www.youtube.com/playlist?list=PLxCzCOWd7aiEed7SKZBnC6ypFDWYLRvB2
‚ñ∫Data Structure:
https://www.youtube.com/playlist?list=PLxCzCOWd7aiEwaANNt3OqJPVIxwp2ebiT
‚ñ∫Graph Theory:
https://www.youtube.com/playlist?list=PLxCzCOWd7aiG0M5FqjyoqB20Edk0tyzVt
‚ñ∫Programming in C:
https://www.youtube.com/playlist?list=PLxCzCOWd7aiGmiGl_DOuRMJYG8tOVuapB
‚ñ∫Digital Logic:
https://www.youtube.com/playlist?list=PLxCzCOWd7aiGmXg4NoX6R31AsC5LeCPHe

---------------------------------------------------------------------------------------------------------------------------------------
Our social media Links: 
‚ñ∫ Subscribe to us on YouTube: https://www.youtube.com/gatesmashers
‚ñ∫Subscribe to our new channel: https://www.youtube.com/@varunainashots
‚ñ∫ Like our page on Facebook: https://www.facebook.com/gatesmashers
‚ñ∫ Follow us on Instagram: https://www.instagram.com/gate.smashers
‚ñ∫ Follow us on Instagram: https://www.instagram.com/varunainashots
‚ñ∫ Follow us on Telegram: https://t.me/gatesmashersofficial
‚ñ∫ Follow us on Threads: https://www.threads.net/@gate.smashers
-------------------------------------------------------------------------------------------------------------------------------------- 
‚ñ∫For Any Query, Suggestion or notes contribution:
Email us at: gatesmashers2018@gmail.com
#ProcessStates#Schedulers#OS",2020-02-16T17:07:03Z,PT20M54S,2105751,43827,1126
Ae96QM_wSmM,Forgotten Operating Systems,"#shorts #tech

Main Channel -  http://bit.ly/techburner",2022-03-02T07:44:36Z,PT59S,4002181,239672,588
VHOPYbOvUjc,What are the Functions of operating System? students Must Know Functions/Roles of Operating system,"#FunctionsOfOperatingSystem #RolesOfOperatingSystem #ImproveYourComputerKnowledge
What are the Functions of operating System? students Must Know Functions/Roles of Operating system
Types of Operating system üëâ https://www.youtube.com/watch?v=yZsknzo2j84
Functions of operating system üëâ https://www.youtube.com/watch?v=VHOPYbOvUjc
Second Generation of Computerüëâ https://www.youtube.com/watch?v=ylk2sY1h0lQ
Types Of ROM üëâ https://www.youtube.com/watch?v=BX0d4KK2Uvw
Name of 6 Most famous laptop manufacturers Company üëâhttps://www.youtube.com/watch?v=7EJXcFHytHQ
Application Areas Of Computer üëâ https://www.youtube.com/watch?v=zZVguBsaN64
Types of Computer üëâ https://www.youtube.com/watch?v=rRcgZPj-vLs",2022-01-21T09:15:01Z,PT20S,116961,3149,6
OrM7nZcxXZU,Process Management (Processes and Threads),"Operating System: Process Management (Processes and Threads)
Topics discussed:
1. Process Management.
2. Processes.
3. Threads.
4. Difference between processes and threads.

Follow Neso Academy on Instagram: @nesoacademy (https://bit.ly/2XP63OE)

Contribute: http://bit.ly/3EpZgBD

Memberships: https://bit.ly/2U7YSPI

Discord: https://bit.ly/3HiGtJr
WhatsApp: https://whatsapp.com/channel/0029Va9B1Bq4tRru0nqgtx3h

Books: https://bit.ly/4cZYQil

Website ‚ñ∫ https://www.nesoacademy.org/
App ‚ñ∫ https://play.google.com/store/apps/details?id=org.nesoacademy
Facebook ‚ñ∫ https://www.facebook.com/nesoacademy
Twitter [X] ‚ñ∫ https://x.com/nesoacademy

Music:
Axol x Alex Skrindo - You [NCS Release]

#OperatingSystemByNeso #os #OperatingSystem #ProcessManagement",2018-06-29T11:44:05Z,PT7M32S,844953,13223,191
FkrpUaGThTQ,Write Your Own 64-bit Operating System Kernel #1 - Boot code and multiboot header,"In this series, we'll write our own 64-bit x86 operating system kernel from scratch, which will be multiboot2-compliant. In future episodes we might expand out to other architectures and bootloaders.

In this first episode, we write our initial boot code and also include a multiboot2 header so that it can be understood by bootloaders.

This operating system will be primarily written in C, but we'll need some assembly as well for any of the hardware-specific code.

All the code is available on GitHub:
https://github.com/davidcallanan/yt-os-series/tree/ep1

Thanks to top Patreon supporters Helge Sverre Hessevik Liseth and Kaas at the time of uploading this video!

Consider becoming a Patreon supporter below:
https://patreon.com/CodePulse

---

Useful resources (in no particular order):

https://wiki.osdev.org/
First edition: https://os.phil-opp.com/first-edition/
Latest edition: https://os.phil-opp.com/
https://en.wikipedia.org/wiki/X86_calling_conventions#System_V_AMD64_ABI
http://www.osdever.net/bkerndev/Docs/creatingmain.htm

And some youtube videos such as:
https://www.youtube.com/watch?v=rr-9w2gITDM
https://www.youtube.com/watch?v=Lke3QOytgcQ&list=PLmlvkUN3-1MNKwINqdCDtTdNDjfBmWcZA
https://www.youtube.com/watch?v=9GDX-IyZ_C8",2020-09-20T17:17:33Z,PT15M46S,867441,26673,1320
b6mh5pKPJ10,What is Operating System? explained in Hindi | Operating System ‡§ï‡•ç‡§Ø‡§æ ‡§π‡•à ‡§î‡§∞ ‡§Ø‡•á  ‡§ï‡•à‡§∏‡•á ‡§ï‡§æ‡§Æ ‡§ï‡§∞‡§§‡§æ ‡§π‡•à,"Operating System  || Operating System  facts || computer facts || system software  in hindi ||  Operating System ‡§ï‡•ç‡§Ø‡§æ ‡§π‡•ã‡§§‡§æ ‡§π‡•à  || Operating System  2020 || Operating System  2021 || computer facts 2021  || Tech Move || How to work Operating System  | Unknown facts about google | Random Facts | google facts shorts | Types of system shorts | shorts video | software shorts video 

#OperatingSystem 
#OperatingSystemkyah 
#os
#whatisos
#Applications
#typesofsoftware
#system
#Dailyfacts
#weeklyfacts
#Googlefacts
#computer
#WhatisOperatingSystem 
#systemshorts
#Phonefacts
#computerfacts
#Facts
#HindiFacts
#WorldFacts
#Shorts
#Shortsvideo
#InternetFacts
#TechMove
#techmove
#shortsvideo
#youtubeshortsvideo
#DOWNLOAD
#download
#Playstore


Playlist link : Latest Technology
https://www.youtube.com/playlist?list=PLHEcKKWWhXy-36P3cL7e5UwXqNN5dM_FQ

Playlist link:  Cloud Computing Tutorials
https://www.youtube.com/playlist?list=PLHEcKKWWhXy8utuJN_s4ox7Nf2f0s_MXx

Instagram link:
 https://www.instagram.com/invites/contact/?i=usqwsoxbppa4&utm_content=mo8jelk  

Facebook Page link:-
https://www.facebook.com/TechMove812/

Telegram Channel link:-
https://t.me/Tech_Move

WhatsApp link:-
https://wa.me/message/MHNNGT6COID5N1



üôè  Thanks for watching the video üôè",2021-11-10T04:52:06Z,PT30S,421659,11811,33
TQWERtMoKbI,Operating System Services,"Operating System: Operating System Services
Topics discussed:
OPERATING SYSTEM SERVICES:
1. User interface.
2. Program Execution.
3. I/O operations.
4. File system manipulation.
5. Communications.
6. Error detection.
7. Resource allocation.
8. Accounting.
9. Protection and Security.

Follow Neso Academy on Instagram: @nesoacademy (https://bit.ly/2XP63OE)

Contribute: http://bit.ly/3EpZgBD

Memberships: https://bit.ly/2U7YSPI

Discord: https://bit.ly/3HiGtJr
WhatsApp: https://whatsapp.com/channel/0029Va9B1Bq4tRru0nqgtx3h

Books: https://bit.ly/4cZYQil

Website ‚ñ∫ https://www.nesoacademy.org/
App ‚ñ∫ https://play.google.com/store/apps/details?id=org.nesoacademy
Facebook ‚ñ∫ https://www.facebook.com/nesoacademy
Twitter [X] ‚ñ∫ https://x.com/nesoacademy

Music:
Axol x Alex Skrindo - You [NCS Release]

#OperatingSystemByNeso #os #OperatingSystem #OperatingSystemServices",2018-03-05T16:00:11Z,PT13M17S,522890,8168,129
xEG5IY9-Bvw,What is Operating System @computerstudyzone,#operating_system #operatingsystems #operatingsystemtutorials #operatingsystem,2022-06-22T02:12:39Z,PT19S,123625,2920,3
RhNWpUrO5MQ,Part 1 | Introduction to Memory Management | OS | Operating systems Tutorials |,,2020-04-01T06:22:57Z,PT8M19S,170611,1419,26
wD0PrF3fGSY,Operating System Generation and System Boot,"Operating System: Operating System Generation and System Boot
Topics discussed:
1. Operating System designs.
2. Operating System Generation (SYSGEN).
3. System Boot.
4. Bootstrap program/ Bootstrap loader.
5. ROM/ Firmware.

Follow Neso Academy on Instagram: @nesoacademy (https://bit.ly/2XP63OE)

Contribute: http://bit.ly/3EpZgBD

Memberships: https://bit.ly/2U7YSPI

Discord: https://bit.ly/3HiGtJr
WhatsApp: https://whatsapp.com/channel/0029Va9B1Bq4tRru0nqgtx3h

Books: https://bit.ly/4cZYQil

Website ‚ñ∫ https://www.nesoacademy.org/
App ‚ñ∫ https://play.google.com/store/apps/details?id=org.nesoacademy
Facebook ‚ñ∫ https://www.facebook.com/nesoacademy
Twitter [X] ‚ñ∫ https://x.com/nesoacademy

Music:
Axol x Alex Skrindo - You [NCS Release]

#OperatingSystemByNeso #os #OperatingSystem #OperatingSystemGeneration #SystemBoot",2018-06-28T09:45:00Z,PT12M11S,211125,3140,51
pUhCZCJTPXA,Functions of Operating System | Operating System tutorials in Telugu,"Click Here for Python Course in Telugu üëá
https://pythonlife.in/python-course-in-telugu.html



GitHub link:
https://github.com/kiransagar1

Instagram-link:
https://www.instagram.com/pythonlifetelugu/?hl=en

Facebook link:
https://m.facebook.com/Python-life-telugu-107111387790463/

linkedin:
https://www.linkedin.com/in/kiran-sagar-a00a761b2

Telegramlink:
https://t.me/python_life_telugu


#pythonlife.in",2022-10-21T07:35:26Z,PT6M47S,41295,983,15
ROjZy1WbCIA,Linux Operating System - Crash Course for Beginners,"Learn the basics of the Linux Operating System in this crash course for beginners. Linux is a clone of the UNIX operating system, so understanding one is understanding the other. The goal is for you to get a full understanding of how the Linux OS works. If you're still using Windows or Mac OS, you can still learn Linux using a virtual machine.

‚úèÔ∏è Course from KeepItTechie. Check out his YouTube channel: https://www.youtube.com/channel/UCP2bshADPrVMoNrdJvZEQzw

‚≠êÔ∏è Course Contents ‚≠ê
‚å®Ô∏è (0:00:00) Intro
‚å®Ô∏è (0:08:09) Install Linux
‚å®Ô∏è (0:29:43) Desktop Environment
‚å®Ô∏è (0:41:18) Terminal
‚å®Ô∏è (0:49:25) Working with Directories
‚å®Ô∏è (1:15:49) Working with Files
‚å®Ô∏è (1:34:49) Working with File Content
‚å®Ô∏è (1:51:14) Linux File Structure
‚å®Ô∏è (2:03:68) System Information
‚å®Ô∏è (2:15:42) Networking
‚å®Ô∏è (2:20:10) Linux Package Manager
‚å®Ô∏è (2:34:10) Text Editor
‚å®Ô∏è (2:46:56) Outro

üéâ Thanks to our Champion and Sponsor supporters:
üëæ Raymond Odero
üëæ Agust√≠n Kussrow
üëæ aldo ferretti
üëæ Otis Morgan
üëæ DeezMaster

--

Learn to code for free and get a developer job: https://www.freecodecamp.org

Read hundreds of articles on programming: https://freecodecamp.org/news 

‚ù§Ô∏è Support for this channel comes from our friends at Scrimba ‚Äì the coding platform that's reinvented interactive learning: https://scrimba.com/freecodecamp",2022-02-23T13:43:25Z,PT2H47M56S,2694144,40522,1031
6mmgi65OjBM,What's the Best Operating System? #shorts,#youtubeshorts #linux #windows,2023-03-19T15:00:03Z,PT43S,939254,35501,1653
0LtuQhNFFe0,"L-7.1: File System in Operating System | Windows, Linux, Unix, Android etc.","Hard Disk Architecture: https://youtu.be/sveZw_GG_cs
In this video, you will get best introduction to file system in operating system. File system is integral part of all Operating system like Windows, Unix, Linux, Android etc. #operatingsystem 
--------------------------------------------------------------------------------------------------------------------------------------
Timestamps:
00:00 ‚Äì Introduction
00:27 ‚Äì What is a File System?
01:48 ‚Äì Real-Life Examples of Files
04:46 ‚Äì How Files Are Stored?
06:05 ‚Äì File System Mapping Explained
--------------------------------------------------------------------------------------------------------------------------------------
üëâSubscribe to our new channel:https://www.youtube.com/@varunainashots 

‚ñ∫Operating System (Complete Playlist): 
https://www.youtube.com/playlist?list=PLxCzCOWd7aiGz9donHRrE9I3Mwn6XdP8p

Other subject-wise playlist Links:
--------------------------------------------------------------------------------------------------------------------------------------
‚ñ∫Design and Analysis of algorithms (DAA):
https://www.youtube.com/playlist?list=PLxCzCOWd7aiHcmS4i14bI0VrMbZTUvlTa
‚ñ∫Database Management System:
https://www.youtube.com/playlist?list=PLxCzCOWd7aiFAN6I8CuViBuCdJgiOkT2Y
‚ñ∫ Theory of Computation
https://www.youtube.com/playlist?list=PLxCzCOWd7aiFM9Lj5G9G_76adtyb4ef7i
‚ñ∫Artificial Intelligence:
https://www.youtube.com/playlist?list=PLxCzCOWd7aiHGhOHV-nwb0HR5US5GFKFI
‚ñ∫Computer Networks (Complete Playlist):
https://www.youtube.com/playlist?list=PLxCzCOWd7aiGFBD2-2joCpWOLUrDLvVV_
‚ñ∫Computer Architecture (Complete Playlist):
https://www.youtube.com/playlist?list=PLxCzCOWd7aiHMonh3G6QNKq53C6oNXGrX
‚ñ∫Structured Query Language (SQL):
https://www.youtube.com/playlist?list=PLxCzCOWd7aiHqU4HKL7-SITyuSIcD93id 
‚ñ∫Discrete Mathematics:
https://www.youtube.com/playlist?list=PLxCzCOWd7aiH2wwES9vPWsEL6ipTaUSl3
‚ñ∫Compiler Design:
https://www.youtube.com/playlist?list=PLxCzCOWd7aiEKtKSIHYusizkESC42diyc
‚ñ∫Number System:
https://www.youtube.com/playlist?list=PLxCzCOWd7aiFOet6KEEqDff1aXEGLdUzn
‚ñ∫Cloud Computing & BIG Data:
https://www.youtube.com/playlist?list=PLxCzCOWd7aiHRHVUtR-O52MsrdUSrzuy4
‚ñ∫Software Engineering:
https://www.youtube.com/playlist?list=PLxCzCOWd7aiEed7SKZBnC6ypFDWYLRvB2
‚ñ∫Data Structure:
https://www.youtube.com/playlist?list=PLxCzCOWd7aiEwaANNt3OqJPVIxwp2ebiT
‚ñ∫Graph Theory:
https://www.youtube.com/playlist?list=PLxCzCOWd7aiG0M5FqjyoqB20Edk0tyzVt
‚ñ∫Programming in C:
https://www.youtube.com/playlist?list=PLxCzCOWd7aiGmiGl_DOuRMJYG8tOVuapB
‚ñ∫Digital Logic:
https://www.youtube.com/playlist?list=PLxCzCOWd7aiGmXg4NoX6R31AsC5LeCPHe

---------------------------------------------------------------------------------------------------------------------------------------
Our social media Links: 
‚ñ∫ Subscribe to us on YouTube: https://www.youtube.com/gatesmashers
‚ñ∫Subscribe to our new channel: https://www.youtube.com/@varunainashots
‚ñ∫ Like our page on Facebook: https://www.facebook.com/gatesmashers
‚ñ∫ Follow us on Instagram: https://www.instagram.com/gate.smashers
‚ñ∫ Follow us on Instagram: https://www.instagram.com/varunainashots
‚ñ∫ Follow us on Telegram: https://t.me/gatesmashersofficial
‚ñ∫ Follow us on Threads: https://www.threads.net/@gate.smashers
-------------------------------------------------------------------------------------------------------------------------------------- 
‚ñ∫For Any Query, Suggestion or notes contribution:
Email us at: gatesmashers2018@gmail.com
#filesystem#operatingsystem#StorageArchitecture#GATE#UGCNET#NIELIT#CollegeUniversityExams",2020-05-21T08:45:14Z,PT9M55S,1116968,24739,506
F321087yYy4,Introduction to RTOS Part 1 - What is a Real-Time Operating System (RTOS)? | Digi-Key Electronics,"A real-time operating system (RTOS) is an operating system that runs multi-threaded applications and can meet real-time deadlines. See this article to read more about them: https://www.digikey.com/en/maker/videos/shawn-hymel/getting-started-with-stm32-and-nucleo-part-3-how-to-run-multiple-threads-with-cmsis-rtos-interface


An RTOS is often a lightweight operating system (OS) designed to run on microcontrollers. Much like general purpose operating systems, they offer a scheduler to run multiple threads or tasks, resource management (such as file I/O), and device drivers. An RTOS is necessary when embedded engineers need to run several threads at the same time on a processor.

The ‚Äúreal-time‚Äù part of an RTOS means that such software can meet real-time deadlines. Note that this does not mean ‚Äúfast,‚Äù but rather, it can guarantee that task execution time can be calculated prior to runtime. 

Embedded programmers often use a ‚Äúbare-metal‚Äù or ‚Äúsuper loop‚Äù structure instead of an RTOS when concurrency is not needed. This is the familiar ‚Äúsetup‚Äù and ‚Äúloop forever‚Äù style of embedded code where no OS is employed. Many embedded applications can be written in this format, and they are often easier to debug.

In the rest of the series, we will cover various RTOS concepts and provide demonstrations on the ESP32 using Arduino. After each video, excluding this one, we will issue a challenge and the solution can be found in a Maker.IO link provided in the video‚Äôs description. We encourage you to try the challenge without looking at the solution.

Product Links:
https://www.digikey.com/en/products/detail/adafruit-industries-llc/3405/7244967

Related Videos:
Introduction to RTOS Part 1 - What is a Real-Time Operating System (RTOS)? - https://youtu.be/F321087yYy4‚Äã

Introduction to RTOS Part 2 - Getting Started with FreeRTOS - https://youtu.be/JIr7Xm_riRs‚Äã

Introduction to RTOS Part 3 - Task Scheduling - https://youtu.be/95yUbClyf3E‚Äã

Introduction to RTOS Part 4 - Memory Management - https://youtu.be/Qske3yZRW5I‚Äã

Introduction to RTOS Part 5 - Queue - https://youtu.be/pHJ3lxOoWeI‚Äã

Introduction to RTOS Part 6 - Mutex - https://youtu.be/I55auRpbiTs‚Äã

Introduction to RTOS Part 7 - https://youtu.be/5JcMtbA9QEE‚Äã

Introduction to RTOS Part 8 - https://youtu.be/b1f1Iex0Tso

Introduction to RTOS Part 9 - https://youtu.be/qsflCf6ahXU

Introduction to RTOS Part 10 - https://youtu.be/hRsWi4HIENc

Introduction to RTOS Part 11 - https://youtu.be/C2xKhxROmhA

Introduction to RTOS Part 12 - https://youtu.be/LPSHUcH5aQc
 
Related Articles:
https://www.digikey.com/en/maker/videos/shawn-hymel/getting-started-with-stm32-and-nucleo-part-3-how-to-run-multiple-threads-with-cmsis-rtos-interface

Learn more:
Maker.io - https://www.digikey.com/en/maker

Digi-Key‚Äôs Blog ‚Äì TheCircuit https://www.digikey.com/en/blog

Connect with Digi-Key on Facebook https://www.facebook.com/digikey.electronics/

And follow us on Twitter https://twitter.com/digikey",2021-01-04T14:00:03Z,PT11M34S,1045806,18970,289
tWPa-rZiGM8,L-1.7: System Calls in Operating system and its types in Hindi,"In this video, Varun sir will introduce you to system call is explained with its types. System call is important topic of operating system and students find this topic very hard to understand but In this video you will get clear and crisp introduction to system call and its types. #operatingsystem 
--------------------------------------------------------------------------------------------------------------------------------------
Timestamps:
0:00 - Introduction
0:36 - System Call
3:33 - File related System Call
5:27 - Device related System Call
6:21 - Information related System Call
7:31 - Process Control System Call
9:00 - Communication System Call
--------------------------------------------------------------------------------------------------------------------------------------
üëâSubscribe to our new channel:https://www.youtube.com/@varunainashots 

‚ñ∫Operating System (Complete Playlist): 
https://www.youtube.com/playlist?list=PLxCzCOWd7aiGz9donHRrE9I3Mwn6XdP8p

Other subject-wise playlist Links:
--------------------------------------------------------------------------------------------------------------------------------------
‚ñ∫Design and Analysis of algorithms (DAA):
https://www.youtube.com/playlist?list=PLxCzCOWd7aiHcmS4i14bI0VrMbZTUvlTa
‚ñ∫Database Management System:
https://www.youtube.com/playlist?list=PLxCzCOWd7aiFAN6I8CuViBuCdJgiOkT2Y
‚ñ∫ Theory of Computation
https://www.youtube.com/playlist?list=PLxCzCOWd7aiFM9Lj5G9G_76adtyb4ef7i
‚ñ∫Artificial Intelligence:
https://www.youtube.com/playlist?list=PLxCzCOWd7aiHGhOHV-nwb0HR5US5GFKFI
‚ñ∫Computer Networks (Complete Playlist):
https://www.youtube.com/playlist?list=PLxCzCOWd7aiGFBD2-2joCpWOLUrDLvVV_
‚ñ∫Computer Architecture (Complete Playlist):
https://www.youtube.com/playlist?list=PLxCzCOWd7aiHMonh3G6QNKq53C6oNXGrX
‚ñ∫Structured Query Language (SQL):
https://www.youtube.com/playlist?list=PLxCzCOWd7aiHqU4HKL7-SITyuSIcD93id 
‚ñ∫Discrete Mathematics:
https://www.youtube.com/playlist?list=PLxCzCOWd7aiH2wwES9vPWsEL6ipTaUSl3
‚ñ∫Compiler Design:
https://www.youtube.com/playlist?list=PLxCzCOWd7aiEKtKSIHYusizkESC42diyc
‚ñ∫Number System:
https://www.youtube.com/playlist?list=PLxCzCOWd7aiFOet6KEEqDff1aXEGLdUzn
‚ñ∫Cloud Computing & BIG Data:
https://www.youtube.com/playlist?list=PLxCzCOWd7aiHRHVUtR-O52MsrdUSrzuy4
‚ñ∫Software Engineering:
https://www.youtube.com/playlist?list=PLxCzCOWd7aiEed7SKZBnC6ypFDWYLRvB2
‚ñ∫Data Structure:
https://www.youtube.com/playlist?list=PLxCzCOWd7aiEwaANNt3OqJPVIxwp2ebiT
‚ñ∫Graph Theory:
https://www.youtube.com/playlist?list=PLxCzCOWd7aiG0M5FqjyoqB20Edk0tyzVt
‚ñ∫Programming in C:
https://www.youtube.com/playlist?list=PLxCzCOWd7aiGmiGl_DOuRMJYG8tOVuapB
‚ñ∫Digital Logic:
https://www.youtube.com/playlist?list=PLxCzCOWd7aiGmXg4NoX6R31AsC5LeCPHe

---------------------------------------------------------------------------------------------------------------------------------------
Our social media Links: 
‚ñ∫ Subscribe to us on YouTube: https://www.youtube.com/gatesmashers
‚ñ∫Subscribe to our new channel: https://www.youtube.com/@varunainashots
‚ñ∫ Like our page on Facebook: https://www.facebook.com/gatesmashers
‚ñ∫ Follow us on Instagram: https://www.instagram.com/gate.smashers
‚ñ∫ Follow us on Instagram: https://www.instagram.com/varunainashots
‚ñ∫ Follow us on Telegram: https://t.me/gatesmashersofficial
‚ñ∫ Follow us on Threads: https://www.threads.net/@gate.smashers
-------------------------------------------------------------------------------------------------------------------------------------- 
‚ñ∫For Any Query, Suggestion or notes contribution:
Email us at: gatesmashers2018@gmail.com",2018-12-20T06:48:27Z,PT10M7S,1730032,26334,401
znIDqdB2WR8,NIOS 330 | Computer Science | Operating Systems | Process & Memory Management in OS | #237,"NIOS PUBLIC EXAM TOPIC:
OPERATING SYSTEM 
PROCESS MANAGEMENT 
MEMORY MANAGEMENT

This session explores the core functions of an Operating System (OS), focusing on how it manages processes and memory to ensure smooth and efficient operation of computer systems. We'll dive into the fundamental responsibilities of an OS, including process scheduling, multitasking, memory allocation, and resource management.
 This overview will give you a solid understanding of how the OS acts as the backbone of modern computing, coordinating hardware and software to keep systems running seamlessly.


Enjoyed learning about Operating Systems?
Don‚Äôt forget to subscribe for more tech insights and tutorials!
üëá Got questions or thoughts about process and memory management?
Drop a comment below ‚Äî let‚Äôs discuss!
ignore below:
#OperatingSystem
#ProcessManagement
#MemoryManagement
#OSTutorial
#OSFunctions
#ComputerScience
#SystemArchitecture
#TechEducation
#CSBasics
#LearnOS
#OSDeepDive
#ProcessVsMemory
#InsideTheOS
#TechTalk
#codeandcompute #niosclasses #niosboard #computerscience #btech #digitallogic #computerscience #logicgates #exam",2025-10-09T11:40:27Z,PT16M50S,49,0,0
ITc09gOrqZk,L-1.11: Process Vs Threads in Operating System,"In this video, Varun sir will explain the difference between Process and threads explained with real life examples. students always feel confused in this topic but after watching this video you will be able to solve the questions easily. Fork questions are asked in competitive exams like GATE, NTA NET, NIELIT, DSSSB TGT/PGT computer science, KVS CSE, PSUs etc. and college university exams also.
--------------------------------------------------------------------------------------------------------------------------------------
Timestamps:
00:00 - Introduction 
02:37 - Understanding Process mode in OS
03:53 - Understanding Threads mode in OS
--------------------------------------------------------------------------------------------------------------------------------------
üëâSubscribe to our new channel:https://www.youtube.com/@varunainashots 

‚ñ∫Operating System (Complete Playlist): 
https://www.youtube.com/playlist?list=PLxCzCOWd7aiGz9donHRrE9I3Mwn6XdP8p

Other subject-wise playlist Links:
--------------------------------------------------------------------------------------------------------------------------------------
‚ñ∫Design and Analysis of algorithms (DAA):
https://www.youtube.com/playlist?list=PLxCzCOWd7aiHcmS4i14bI0VrMbZTUvlTa
‚ñ∫Database Management System:
https://www.youtube.com/playlist?list=PLxCzCOWd7aiFAN6I8CuViBuCdJgiOkT2Y
‚ñ∫ Theory of Computation
https://www.youtube.com/playlist?list=PLxCzCOWd7aiFM9Lj5G9G_76adtyb4ef7i
‚ñ∫Artificial Intelligence:
https://www.youtube.com/playlist?list=PLxCzCOWd7aiHGhOHV-nwb0HR5US5GFKFI
‚ñ∫Computer Networks (Complete Playlist):
https://www.youtube.com/playlist?list=PLxCzCOWd7aiGFBD2-2joCpWOLUrDLvVV_
‚ñ∫Computer Architecture (Complete Playlist):
https://www.youtube.com/playlist?list=PLxCzCOWd7aiHMonh3G6QNKq53C6oNXGrX
‚ñ∫Structured Query Language (SQL):
https://www.youtube.com/playlist?list=PLxCzCOWd7aiHqU4HKL7-SITyuSIcD93id 
‚ñ∫Discrete Mathematics:
https://www.youtube.com/playlist?list=PLxCzCOWd7aiH2wwES9vPWsEL6ipTaUSl3
‚ñ∫Compiler Design:
https://www.youtube.com/playlist?list=PLxCzCOWd7aiEKtKSIHYusizkESC42diyc
‚ñ∫Number System:
https://www.youtube.com/playlist?list=PLxCzCOWd7aiFOet6KEEqDff1aXEGLdUzn
‚ñ∫Cloud Computing & BIG Data:
https://www.youtube.com/playlist?list=PLxCzCOWd7aiHRHVUtR-O52MsrdUSrzuy4
‚ñ∫Software Engineering:
https://www.youtube.com/playlist?list=PLxCzCOWd7aiEed7SKZBnC6ypFDWYLRvB2
‚ñ∫Data Structure:
https://www.youtube.com/playlist?list=PLxCzCOWd7aiEwaANNt3OqJPVIxwp2ebiT
‚ñ∫Graph Theory:
https://www.youtube.com/playlist?list=PLxCzCOWd7aiG0M5FqjyoqB20Edk0tyzVt
‚ñ∫Programming in C:
https://www.youtube.com/playlist?list=PLxCzCOWd7aiGmiGl_DOuRMJYG8tOVuapB
‚ñ∫Digital Logic:
https://www.youtube.com/playlist?list=PLxCzCOWd7aiGmXg4NoX6R31AsC5LeCPHe

---------------------------------------------------------------------------------------------------------------------------------------
Our social media Links: 
‚ñ∫ Subscribe to us on YouTube: https://www.youtube.com/gatesmashers
‚ñ∫Subscribe to our new channel: https://www.youtube.com/@varunainashots
‚ñ∫ Like our page on Facebook: https://www.facebook.com/gatesmashers
‚ñ∫ Follow us on Instagram: https://www.instagram.com/gate.smashers
‚ñ∫ Follow us on Instagram: https://www.instagram.com/varunainashots
‚ñ∫ Follow us on Telegram: https://t.me/gatesmashersofficial
‚ñ∫ Follow us on Threads: https://www.threads.net/@gate.smashers
-------------------------------------------------------------------------------------------------------------------------------------- 
‚ñ∫For Any Query, Suggestion or notes contribution:
Email us at: gatesmashers2018@gmail.com
#process #thread #procesVsThread #gatecse #ugcnetcse #operatingsystem",2018-12-21T07:25:31Z,PT11M17S,1612446,35972,533
WJOV5QjCiUU,Troubleshooting Windows - CompTIA A+ 220-1102 - 3.1,"A+ Training Course Index: https://professormesser.link/1102videos
Professor Messer‚Äôs Course Notes: https://professormesser.link/1102notes

- - - - -
The Windows operating system includes some important utilities for troubleshooting problems. In this video, you‚Äôll learn about troubleshooting frequent shutdowns, sluggish performance, boot errors, application crashes, and more.
- - - - -

Subscribe to get the latest videos: https://professormesser.link/yt
Calendar of live events: https://www.professormesser.com/calendar/

FOLLOW PROFESSOR MESSER:
Professor Messer official website: https://www.professormesser.com/
Twitter: https://www.professormesser.com/twitter
Facebook: https://www.professormesser.com/facebook
Instagram: https://www.professormesser.com/instagram
LinkedIn: https://www.professormesser.com/linkedin",2022-07-04T14:35:55Z,PT13M27S,138199,1644,22
fqBCe_2LC8w,5 Basic Operations of a Computer | Basic Computer,"All about Computer üñ• üëáüëáüëá
https://www.youtube.com/playlist?list=PLqleLpAMfxGAkXyW-QIwBPYDXpxAmb5La

Please Like | Share | SUBSCRIBE our Channel..!
Learn Coding
üôèüôèüôè

Like our Facebook Page...!
Learn Coding

Don't forget to tag our Channel...!

#ComputerOperations 
#ComputerBasics
#ask4help
#LearnCoding
#OperationsofComputer 
#computerfeatures
#featuresofcomputer 
#ComputerKyaHai
#ComputerIntroduction
#BasicComputer
#LearnComputer 
#ComputerFundamental
#AllAboutComputer
#ComputerBasics
#HowToLearnComputer 
#GenerationsOfComputer
#SuperComputer 
#ComputerBasicKnowledge
#ComputerInHindi 
#ComputerFullExplanation
#ComponantsOfComputer
#TypesOfComputer
#Computer
#FunctionsOfComputer
#computergenerations

|| Content ||
1. writer ‚úç  :- ankush
2. voice  üîä  :- akhilesh

Thank You 
üëåüëåüëå",2021-05-31T06:53:03Z,PT45S,124268,3193,19
nAr2sLiLDWw,Lecture 6: How Operating System Boots up?,"This video provides an engaging glimpse of Operating System Booting Process.



There is a lot to learn, Keep in mind ‚Äú Mnn bhot karega k chor yrr apne se nahi hoga ya maza nahi aara, Just ask 1 question ‚Äú Why I started ? ‚Äú

Visit Crio here: https://www.crio.do/redeem/85029eb/

Notes Link: https://drive.google.com/file/d/1XJps7y6eGOtT3CaqKG5cMF7P8awcx7Nm/view?usp=drivesdk

Slides Link:https://drive.google.com/file/d/1J5lh0-KQtjgwbPaUTMXiPWeBVNQ4DxfM/view?usp=sharing

Discord Server Link:  https://discord.gg/feSQvVXMrd  

Do provide you feedback in the comments, we are going to make it best collectively.

Connect with Babbar here: 

Instagram: https://www.instagram.com/lovebabbar1/ 
Twitter: https://twitter.com/lovebabbar3
Telegram Group Link: Love Babbar CODE HELP
https://telegram.me/lovebabbercodehelp 

Connect with Lakshay:

Instagram: https://www.instagram.com/lakshayk12/?hl=en
LinkedIn: https://in.linkedin.com/in/lakshay-kumar-368a06146

My Editor: https://www.instagram.com/rishu.rsingh/?hl=en

Intro Sequence: We have bought all the required Licenses of the Audio, Video & Animation used.

TimeStamp:
00:00 - Intro
01:21 - Promotion
02:11 - Step 1: Power ON
03:43 - Step 2: CPU Loads BIOS or UEFI
06:47 - Step 3: POST & Hardware init.
10:47 - Step 4: BIOS or UEFI handoff to boot device
15:40 - Step 5: Boot-Loader loads full OS


#OSBusted #Lakshay",2022-01-31T06:50:01Z,PT18M31S,183849,5373,464
eESIFJz7mJw,L-5.1: Memory Management and Degree of Multiprogramming | Operating System,"The process of controlling and coordinating computer memory, assigning portions known as blocks to various running programs to optimize the overall performance of the system is called Memory Management. The degree of multiprogramming describes the maximum number of processes that a single-processor system can accommodate efficiently. In this video, Varun sir will discuss about it in detail. #operatingsystem 
--------------------------------------------------------------------------------------------------------------------------------------
Timestamps:
0:00 - Introduction
5:48 - Multiprogramming
9:14 - Numerical
--------------------------------------------------------------------------------------------------------------------------------------
üëâSubscribe to our new channel:https://www.youtube.com/@varunainashots 

‚ñ∫Operating System (Complete Playlist): 
https://www.youtube.com/playlist?list=PLxCzCOWd7aiGz9donHRrE9I3Mwn6XdP8p

Other subject-wise playlist Links:
--------------------------------------------------------------------------------------------------------------------------------------
‚ñ∫Design and Analysis of algorithms (DAA):
https://www.youtube.com/playlist?list=PLxCzCOWd7aiHcmS4i14bI0VrMbZTUvlTa
‚ñ∫Database Management System:
https://www.youtube.com/playlist?list=PLxCzCOWd7aiFAN6I8CuViBuCdJgiOkT2Y
‚ñ∫ Theory of Computation
https://www.youtube.com/playlist?list=PLxCzCOWd7aiFM9Lj5G9G_76adtyb4ef7i
‚ñ∫Artificial Intelligence:
https://www.youtube.com/playlist?list=PLxCzCOWd7aiHGhOHV-nwb0HR5US5GFKFI
‚ñ∫Computer Networks (Complete Playlist):
https://www.youtube.com/playlist?list=PLxCzCOWd7aiGFBD2-2joCpWOLUrDLvVV_
‚ñ∫Computer Architecture (Complete Playlist):
https://www.youtube.com/playlist?list=PLxCzCOWd7aiHMonh3G6QNKq53C6oNXGrX
‚ñ∫Structured Query Language (SQL):
https://www.youtube.com/playlist?list=PLxCzCOWd7aiHqU4HKL7-SITyuSIcD93id 
‚ñ∫Discrete Mathematics:
https://www.youtube.com/playlist?list=PLxCzCOWd7aiH2wwES9vPWsEL6ipTaUSl3
‚ñ∫Compiler Design:
https://www.youtube.com/playlist?list=PLxCzCOWd7aiEKtKSIHYusizkESC42diyc
‚ñ∫Number System:
https://www.youtube.com/playlist?list=PLxCzCOWd7aiFOet6KEEqDff1aXEGLdUzn
‚ñ∫Cloud Computing & BIG Data:
https://www.youtube.com/playlist?list=PLxCzCOWd7aiHRHVUtR-O52MsrdUSrzuy4
‚ñ∫Software Engineering:
https://www.youtube.com/playlist?list=PLxCzCOWd7aiEed7SKZBnC6ypFDWYLRvB2
‚ñ∫Data Structure:
https://www.youtube.com/playlist?list=PLxCzCOWd7aiEwaANNt3OqJPVIxwp2ebiT
‚ñ∫Graph Theory:
https://www.youtube.com/playlist?list=PLxCzCOWd7aiG0M5FqjyoqB20Edk0tyzVt
‚ñ∫Programming in C:
https://www.youtube.com/playlist?list=PLxCzCOWd7aiGmiGl_DOuRMJYG8tOVuapB
‚ñ∫Digital Logic:
https://www.youtube.com/playlist?list=PLxCzCOWd7aiGmXg4NoX6R31AsC5LeCPHe

---------------------------------------------------------------------------------------------------------------------------------------
Our social media Links: 
‚ñ∫ Subscribe to us on YouTube: https://www.youtube.com/gatesmashers
‚ñ∫Subscribe to our new channel: https://www.youtube.com/@varunainashots
‚ñ∫ Like our page on Facebook: https://www.facebook.com/gatesmashers
‚ñ∫ Follow us on Instagram: https://www.instagram.com/gate.smashers
‚ñ∫ Follow us on Instagram: https://www.instagram.com/varunainashots
‚ñ∫ Follow us on Telegram: https://t.me/gatesmashersofficial
‚ñ∫ Follow us on Threads: https://www.threads.net/@gate.smashers
-------------------------------------------------------------------------------------------------------------------------------------- 
‚ñ∫For Any Query, Suggestion or notes contribution:
Email us at: gatesmashers2018@gmail.com",2018-03-21T08:45:37Z,PT23M41S,1679293,29763,795
tJxcKyFMTGo,Python Tutorial: OS Module - Use Underlying Operating System Functionality,"In this Python Tutorial, we will be going over the 'os' module. The os module allows us to access functionality of the underlying operating system. So we can perform tasks such as: navigate the file system, obtain file information, rename files, search directory trees, fetch environment variables, and many other operations. We will cover a lot of what the os module has to offer in this tutorial, so let's get started.


‚úÖ Support My Channel Through Patreon:
https://www.patreon.com/coreyms

‚úÖ Become a Channel Member:
https://www.youtube.com/channel/UCCezIgC97PvUuR4_gbFUs5g/join

‚úÖ One-Time Contribution Through PayPal:
https://goo.gl/649HFY

‚úÖ Cryptocurrency Donations:
Bitcoin Wallet - 3MPH8oY2EAgbLVy7RBMinwcBntggi7qeG3
Ethereum Wallet - 0x151649418616068fB46C3598083817101d3bCD33
Litecoin Wallet - MPvEBY5fxGkmPQgocfJbxP6EmTo5UUXMot

‚úÖ Corey's Public Amazon Wishlist
http://a.co/inIyro1

‚úÖ Equipment I Use and Books I Recommend:
https://www.amazon.com/shop/coreyschafer

‚ñ∂Ô∏è You Can Find Me On:
My Website - http://coreyms.com/
My Second Channel - https://www.youtube.com/c/coreymschafer
Facebook - https://www.facebook.com/CoreyMSchafer
Twitter - https://twitter.com/CoreyMSchafer
Instagram - https://www.instagram.com/coreymschafer/

#Python",2016-04-06T16:30:01Z,PT19M14S,998640,19130,649
8duV1LLHHJU,L-1.10: User mode and Kernel mode in operating system in hindi,"In this video, Varun sir will break down the difference between User Mode and Kernel Mode in the operating system ‚Äî explained in a simple and beginner-friendly way. You'll learn What is User Mode?, What is Kernel Mode?, Why does the OS need both? and Real-life examples to understand the concept easily. Whether you're a CS student or just curious about how operating systems work ‚Äî this is the perfect starting point! 
--------------------------------------------------------------------------------------------------------------------------------------
Timestamps:
0:00 - Understanding User & Kernel Mode 
3:43 - Real life Example
--------------------------------------------------------------------------------------------------------------------------------------
üëâSubscribe to our new channel:https://www.youtube.com/@varunainashots 

‚ñ∫Operating System (Complete Playlist): 
https://www.youtube.com/playlist?list=PLxCzCOWd7aiGz9donHRrE9I3Mwn6XdP8p

Other subject-wise playlist Links:
--------------------------------------------------------------------------------------------------------------------------------------
‚ñ∫Design and Analysis of algorithms (DAA):
https://www.youtube.com/playlist?list=PLxCzCOWd7aiHcmS4i14bI0VrMbZTUvlTa
‚ñ∫Database Management System:
https://www.youtube.com/playlist?list=PLxCzCOWd7aiFAN6I8CuViBuCdJgiOkT2Y
‚ñ∫ Theory of Computation
https://www.youtube.com/playlist?list=PLxCzCOWd7aiFM9Lj5G9G_76adtyb4ef7i
‚ñ∫Artificial Intelligence:
https://www.youtube.com/playlist?list=PLxCzCOWd7aiHGhOHV-nwb0HR5US5GFKFI
‚ñ∫Computer Networks (Complete Playlist):
https://www.youtube.com/playlist?list=PLxCzCOWd7aiGFBD2-2joCpWOLUrDLvVV_
‚ñ∫Computer Architecture (Complete Playlist):
https://www.youtube.com/playlist?list=PLxCzCOWd7aiHMonh3G6QNKq53C6oNXGrX
‚ñ∫Structured Query Language (SQL):
https://www.youtube.com/playlist?list=PLxCzCOWd7aiHqU4HKL7-SITyuSIcD93id 
‚ñ∫Discrete Mathematics:
https://www.youtube.com/playlist?list=PLxCzCOWd7aiH2wwES9vPWsEL6ipTaUSl3
‚ñ∫Compiler Design:
https://www.youtube.com/playlist?list=PLxCzCOWd7aiEKtKSIHYusizkESC42diyc
‚ñ∫Number System:
https://www.youtube.com/playlist?list=PLxCzCOWd7aiFOet6KEEqDff1aXEGLdUzn
‚ñ∫Cloud Computing & BIG Data:
https://www.youtube.com/playlist?list=PLxCzCOWd7aiHRHVUtR-O52MsrdUSrzuy4
‚ñ∫Software Engineering:
https://www.youtube.com/playlist?list=PLxCzCOWd7aiEed7SKZBnC6ypFDWYLRvB2
‚ñ∫Data Structure:
https://www.youtube.com/playlist?list=PLxCzCOWd7aiEwaANNt3OqJPVIxwp2ebiT
‚ñ∫Graph Theory:
https://www.youtube.com/playlist?list=PLxCzCOWd7aiG0M5FqjyoqB20Edk0tyzVt
‚ñ∫Programming in C:
https://www.youtube.com/playlist?list=PLxCzCOWd7aiGmiGl_DOuRMJYG8tOVuapB
‚ñ∫Digital Logic:
https://www.youtube.com/playlist?list=PLxCzCOWd7aiGmXg4NoX6R31AsC5LeCPHe

---------------------------------------------------------------------------------------------------------------------------------------
Our social media Links: 
‚ñ∫ Subscribe to us on YouTube: https://www.youtube.com/gatesmashers
‚ñ∫Subscribe to our new channel: https://www.youtube.com/@varunainashots
‚ñ∫ Like our page on Facebook: https://www.facebook.com/gatesmashers
‚ñ∫ Follow us on Instagram: https://www.instagram.com/gate.smashers
‚ñ∫ Follow us on Instagram: https://www.instagram.com/varunainashots
‚ñ∫ Follow us on Telegram: https://t.me/gatesmashersofficial
‚ñ∫ Follow us on Threads: https://www.threads.net/@gate.smashers
-------------------------------------------------------------------------------------------------------------------------------------- 
‚ñ∫For Any Query, Suggestion or notes contribution:
Email us at: gatesmashers2018@gmail.com
#Usermode#Kernelmode#operatingSystem#gate#ugcnet",2018-12-19T05:56:46Z,PT6M46S,1221107,28587,449
kHMXP_i6zew,Lecture 4: Components of Operating System,"Want to know the Components of Operating System, Watch this.



There is a lot to learn, Keep in mind ‚Äú Mnn bhot karega k chor yrr apne se nahi hoga ya maza nahi aara, Just ask 1 question ‚Äú Why I started ? ‚Äú

Visit Crio: https://www.crio.do/redeem/a538ec2/

Notes Link: https://drive.google.com/file/d/1tezd7cygozyZnP30Tc65fB6lrq2_KwaC/view?usp=sharing

Discord Server Link:  https://discord.gg/feSQvVXMrd  

Do provide you feedback in the comments, we are going to make it best collectively.

Connect with Babbar here: 

Instagram: https://www.instagram.com/lovebabbar1/ 
Twitter: https://twitter.com/lovebabbar3
Telegram Group Link: Love Babbar CODE HELP
https://telegram.me/lovebabbercodehelp 

Connect with Lakshay:

Instagram: https://www.instagram.com/lakshayk12/?hl=en
LinkedIn: https://in.linkedin.com/in/lakshay-kumar-368a06146

My Editor: https://www.instagram.com/rishu.rsingh/?hl=en

Intro Sequence: We have bought all the required Licenses of the Audio, Video & Animation used.

TimeStamps:
00:00 - Introduction -Components of OS
01:50 -  Promotion
02:44 - User Space
06:53 - Kernel
10:04 - Functions of Kernel
19:15 - Monolithic Kernel
26:51 - Micro Kernel
32:56 - IPC
37:06 - Hybrid Kernel
41:09 - Summary Notes

#OSBusted #Lakshay",2022-01-25T09:59:07Z,PT45M16S,326683,7214,389
lhToWeuWWfw,System Calls,"Operating System: System Calls
Topics discussed:
1. System Calls.
2. User mode.
3. Kernel mode.
4. Examples of System Calls.

Follow Neso Academy on Instagram: @nesoacademy (https://bit.ly/2XP63OE)

Contribute: http://bit.ly/3EpZgBD

Memberships: https://bit.ly/2U7YSPI

Discord: https://bit.ly/3HiGtJr
WhatsApp: https://whatsapp.com/channel/0029Va9B1Bq4tRru0nqgtx3h

Books: https://bit.ly/4cZYQil

Website ‚ñ∫ https://www.nesoacademy.org/
App ‚ñ∫ https://play.google.com/store/apps/details?id=org.nesoacademy
Facebook ‚ñ∫ https://www.facebook.com/nesoacademy
Twitter [X] ‚ñ∫ https://x.com/nesoacademy

Music:
Axol x Alex Skrindo - You [NCS Release]

#OperatingSystemByNeso #os #OperatingSystem #SystemCalls",2018-03-15T11:45:02Z,PT12M39S,903173,13841,223
qoHjved79Jc,Operating System - Full Chapter Explanation | Class 10 IT (Part A) Chapter 8 | Code 402 | 2022-23,"üëâ Previous Video: https://www.youtube.com/watch?v=SJLWqEgRwEQ
üëâ Next Video: https://www.youtube.com/watch?v=awMTbLh0KHo
‚úîÔ∏èüìöüëâ Watch Full Free Course: https://www.magnetbrains.com 
‚úîÔ∏èüìöüëâ Get Any Class & Subject's Topic Video Here:- https://www.magnetbrains.com/get-topic-wise-video 
‚úîÔ∏èüìöüëâ Get All Subjects Playlists: ‚Äãhttps://www.pabbly.com/out/all-videos-playlist 
‚úîÔ∏èüìöüëâ Grab Notes by Expert Teachers Here: https://www.pabbly.com/out/magnet-brains 
‚úîÔ∏èüìöüëâ Get E-Books Prepared by Our Expert Teachers: https://www.magnetbrains.com/book_purchase
===============================================
üì¢ Full Playlist Link: https://www.youtube.com/playlist?list=PLVLoWQFkZbhUs5cKQzIJW08f6ipEiPLjH

‚úîÔ∏è Class: 10th
‚úîÔ∏è Subject: Computer (IT) Book Code 402
‚úîÔ∏è Chapter: Unit 3 : Information and Communication Technology Skills; Chapter 8 - Operating System
‚úîÔ∏è Topic Name: Operating System - Full Chapter Explanation | Class 10 IT (Part A) Chapter 8 | Code 402 | 2022-23
‚úîÔ∏è Topics Covered in This Video (By Barkha Mam): This YouTube video provides a detailed explanation of Operating System - Full Chapter Explanation from Class 10 IT (Part A) Chapter 8
Code 402 (2022-23) by Barkha Mam.
Learn the in-depth details of the chapter and understand the concepts with this video. Get ready to ace your exams with the help of this tuition video. It will be especially helpful for those preparing for competitive exams or Board Exams.
=======================================================
00:00 Introduction: Operating System
01:32 Introduction
08:06 Functions of an Operating System
28:16 Types of Operating System
48:08 Windows 10
01:11:24 Assessment Time - Select the Correct Option 1 to 4
01:13:59 Answer the following Questions 1 to 4
01:18:46 Website Overview
=======================================================
Why study from Magnet Brains?
Magnet Brains is an online education platform that helps gives You NCERT/CBSE curriculum based free full courses from Kindergarten to Class 12th so that you can perform well in any and all exams you give in your academic career.

üëâ Contact us ü§ëü§ë
 ‚û°Ô∏è Connect with us : magnetbrainsbhopal@gmail.com 
‚û°Ô∏è Website : https://www.magnetbrains.com/ 
‚û°Ô∏è Subscribe to us on YouTube: https://www.youtube.com/channel/UC3HS6gQ79jjn4xHxogw0HiA?sub_confirmation=1 
‚û°Ô∏è Subscribe to Magnet Brains Hindi Medium : https://www.youtube.com/channel/UCwO6AYOIRYgyP1KJ5aPbDlw?sub_confirmation=1 ‚û°Ô∏èFacebook-: https://www.magnetbrains.com/out/facebook 
‚û°Ô∏èTelegram-: https://www.magnetbrains.com/out/telegram 
‚û°Ô∏èInstagram:-https://www.magnetbrains.com/out/instagram_main

What is operating system Class 10 it?
What is an operating system PDF?
What are the 8 types of operating system?
What are the 7 types of operating system?
operating system class 10 pdf
knowing about operating system class 10 questions and answers
operating system class 10 mcq
information technology code 402 class 10 solutions of chapter 8
functions of operating system class 10
information technology code 402 class 10 book pdf 2020 21
operating system class 10 it
operating system notes class 10

#computer #Class10it #class10computer #cbseclass10 #cbseboard class10 #boardexam2023 #2022_23 #2022 #2023 #magnetbrains 

Disclaimer: ""This video is for educational and informational purposes only and is not intended to infringe on any copyrights. If you believe that this video has used any copyrighted material in a way that constitutes copyright infringement, please contact us at contact@magnetbrains.com and we will take appropriate action.""",2021-10-24T23:30:08Z,PT1H20M5S,206335,4129,417
JDqVXwRthrA,What is Windows ? | Windows tutorial | Lesson 3 | Computer Literacy,"In our 3rd Lesson in this series we look at WHAT the OPERATING SYSTEM is and HOW it FUNCTIONS.

Join the Channel as an official MEMBER and get access to some great perks:
https://www.youtube.com/channel/UCVuqtBu6lK2w2DdBTtIxQuA/join

Thanks for joining me on another Computer Applications technology video today! Hope you are having an awesome day!

#ComputerBasics #DigitalLiteracy #BeginnerTechTips #LearnComputers #TechForBeginners #EducationWithMrH #ComputerSkills #TechTutorial #BasicComputerSkills #OnlineLearning
#computereducation #computer #computerknowledge #education #windows #windows7 

üëâ DO YOU WANT TO SUPPORT MORE CONTENT LIKE THIS? 
Then consider becoming a Member:
https://www.youtube.com/channel/UCVuqtBu6lK2w2DdBTtIxQuA

*üìç*JOIN ME ON FACEBOOK*üìç* 
üëâFacebook: : https://www.facebook.com/catwithmrh 

*üìçTO BOOK A 1 ON 1 SESSION USE THE LINK BELOW: üìç*
https://calendly.com/catwithmrh/45min",2021-11-23T07:45:11Z,PT6M6S,81364,1321,41
